[
    {
        "name": "3.13.20 Invoices1.pdf",
        "final": "7,283.34",
        "date": "04/01/2020",
        "date_short": "01/APR/20",
        "ContractNumber": "113999",
        "business_name": "Penasco Valley Telephone Cooperative, Inc.",
        "businessaddress": "4011 West Main Street Attn: Network Manager  Artesia NM 88210",
        "zip_code": " ",
        "payable_to_name": "Penasco Valley Telephone Cooperative, Inc.",
        "contractnbr": "113999",
        "vendornbr": "0000006107",
        "phone_number": " ",
        "e_mail": " ",
        "site_name": "Cottonwood - Spence",
        "site_address1": "R551 N. 13th Street",
        "site_address2": "None",
        "site_city": "Espuela",
        "site_county": "Eddy",
        "site_state": "NM",
        "site_zip": "88210",
        "term_commence_date": "Timestamp('2012-11-01 00:00:00')",
        "termination_date": "NaT",
        "execution_date": "Timestamp('2012-12-21 00:00:00')",
        "status": 1
    },
    {
        "name": "3.13.20 Invoices2.pdf",
        "final": "6,272.39",
        "date": "04/01/2020",
        "date_short": "01/APR/20",
        "ContractNumber": "113999",
        "business_name": "Penasco Valley Telephone Cooperative, Inc.",
        "businessaddress": "4011 West Main Street Attn: Network Manager  Artesia NM 88210",
        "zip_code": " ",
        "payable_to_name": "Penasco Valley Telephone Cooperative, Inc.",
        "contractnbr": "113999",
        "vendornbr": "0000006107",
        "phone_number": " ",
        "e_mail": " ",
        "site_name": "Cottonwood - Spence",
        "site_address1": "R551 N. 13th Street",
        "site_address2": "None",
        "site_city": "Espuela",
        "site_county": "Eddy",
        "site_state": "NM",
        "site_zip": "88210",
        "term_commence_date": "Timestamp('2012-11-01 00:00:00')",
        "termination_date": "NaT",
        "execution_date": "Timestamp('2012-12-21 00:00:00')",
        "status": 0
    },
    {
        "name": "48_Acorns_Real_Estate.pdf",
        "final": " - ",
        "date": "02/01/2020",
        "date_short": "01/FEB/20",
        "ContractNumber": "22071",
        "business_name": "48 ACORNS REAL ESTATE CO., LTD.",
        "businessaddress": "3864 S. KETTERING BLVD., STE 300   DAYTON  45439",
        "zip_code": " ",
        "payable_to_name": "48 ACORNS REAL ESTATE CO., LTD.",
        "contractnbr": "22071",
        "vendornbr": "0000175728",
        "phone_number": " ",
        "e_mail": " ",
        "site_name": "DYTN 016",
        "site_address1": "2600 Far Hills Avenue",
        "site_address2": "None",
        "site_city": "Kettering",
        "site_county": "Montgomery",
        "site_state": "OH",
        "site_zip": "45429",
        "term_commence_date": "Timestamp('1995-07-01 00:00:00')",
        "termination_date": "NaT",
        "execution_date": "Timestamp('1995-04-17 00:00:00')",
        "status": 1
    }
]